"female","Age","Lx","country","age7","prevADL","prevSR","prevGALI","prevchr"
1,50,4.97704175917915,"AUT",50,0.0540935192658385,0.251290957401621,0.0996334651003148,0.630718855663924
0,50,4.95994132024069,"AUT",50,0,0.287666957601864,0,0.594604749232612
1,55,4.90842083964373,"AUT",55,0.0304868329983916,0.269641256220573,0.168990588298213,0.681868010234181
0,55,4.83668043150812,"AUT",55,0.0440506864452148,0.27353070665193,0.0963910849006475,0.663509107212182
1,60,4.79869996348329,"AUT",60,0.0616969833549555,0.242215619999877,0.127530571256362,0.657770338581605
0,60,4.63629848245952,"AUT",60,0.0612452117117489,0.262504720319066,0.149848985387053,0.661343952149421
1,65,4.62763205751748,"AUT",65,0.0465816614839597,0.298763002433778,0.117496136437794,0.756625803984332
0,65,4.33422791304392,"AUT",65,0.0589351404176415,0.313046551099805,0.123475950427639,0.76137318857272
1,70,4.36746640657986,"AUT",70,0.063397213579192,0.409065327055314,0.180195313046881,0.846878113179817
0,70,3.88725539842877,"AUT",70,0.0895200358597805,0.384971926846738,0.160584020186102,0.823471151821643
1,75,3.98193340688292,"AUT",75,0.125314154346162,0.424005005720555,0.238617497897857,0.887987728380492
0,75,3.30496728288969,"AUT",75,0.16171524095666,0.474138106862468,0.188305832972098,0.85055757042644
1,80,3.3524947935281,"AUT",80,0.251105107358745,0.635981700145361,0.360511787213404,0.903058490062336
0,80,2.52951194990464,"AUT",80,0.206234939177804,0.476557073501522,0.26871684408523,0.858149929341588
1,85,2.32763945384763,"AUT",85,0.483824826507082,0.671714449059402,0.486253322175924,0.943498055107119
0,85,1.52747615929954,"AUT",85,0.266290242493207,0.459725901077101,0.19416943168953,0.861835869409989
0,90,0.766826993492338,"AUT",90,0.529122249471514,0.695380311307907,0.596145939810563,0.892567985527652
1,90,1.46606548029597,"AUT",90,0.642820999327222,0.715576361901781,0.544465358864814,0.936046860579299
1,50,4.97241587223562,"BEL",50,0.0728817245387332,0.33589709895196,0.14075714146521,0.614033734563505
0,50,4.95710250741809,"BEL",50,0.0541707021416294,0.347359379184766,0.110190108125539,0.759960035023609
1,55,4.89490296873726,"BEL",55,0.0966311781766651,0.258706592992815,0.143735586350514,0.714365304745811
0,55,4.83658057535284,"BEL",55,0.103229668275046,0.278106352871924,0.110021182649573,0.736167415030141
1,60,4.77655363845824,"BEL",60,0.111772270723233,0.275066377470617,0.165220710106923,0.81945695214677
0,60,4.62916776287414,"BEL",60,0.0989604674418047,0.272051592413095,0.119704261790271,0.767400448817816
1,65,4.60031157746754,"BEL",65,0.113100972926076,0.272020299676329,0.146122395161583,0.874976830339278
0,65,4.32725769927223,"BEL",65,0.101029583378599,0.292514675605303,0.13382539134514,0.8118067549131
1,70,4.34174424243705,"BEL",70,0.148451546693901,0.267033949488988,0.13651200745708,0.901901101461359
0,70,3.90928949732391,"BEL",70,0.112602218858711,0.289373506866712,0.173568639956802,0.8584121780481
1,75,3.95352676715818,"BEL",75,0.241385050855817,0.427401521639442,0.23480180644128,0.944040073221029
0,75,3.31324860476435,"BEL",75,0.133669771730758,0.346395653862186,0.176603036322237,0.854571294216709
1,80,3.34131383241271,"BEL",80,0.317181107095603,0.430612255357597,0.248594187638755,0.926129136476357
0,80,2.51636277944209,"BEL",80,0.238971230550567,0.345977926067547,0.215648229267736,0.873746845742702
1,85,2.36254524570958,"BEL",85,0.443747221114601,0.548964487211899,0.397745240424931,0.931509701207552
0,85,1.52466307051536,"BEL",85,0.334112566518606,0.4025516139227,0.258315319556385,0.879640115070682
0,90,0.765012967238756,"BEL",90,0.308250878346451,0.324737284209241,0.268938523005065,0.944115459118919
1,90,1.56504644017624,"BEL",90,0.664199388880451,0.492574080437719,0.379890263981114,0.93350341992057
1,50,4.94904295736519,"BGR",50,0.0147609476130764,0.149581604036837,0.0393658828199712,0.509226487848271
0,50,4.8865353163698,"BGR",50,0.0248218542611937,0.148902746479279,0.0525555455499672,0.453649212057986
1,55,4.81452339886001,"BGR",55,0.0543456420739393,0.261838945048323,0.0583341176844299,0.617545032961849
0,55,4.57882062985942,"BGR",55,0.0203023707870793,0.160744109204691,0.0379424797875401,0.529483777594665
1,60,4.61728947431451,"BGR",60,0.0588278145291904,0.340613833728478,0.0616924937549655,0.702141277206862
0,60,4.14017448754725,"BGR",60,0.105775147659704,0.319402297613974,0.118818599181627,0.729121301898842
1,65,4.34084566944818,"BGR",65,0.152998393174877,0.453797681943277,0.128629326605873,0.775366880321931
0,65,3.56109689308903,"BGR",65,0.133475428926628,0.373748714583031,0.111807375005798,0.763021142348268
1,70,3.93449386571287,"BGR",70,0.129182823206924,0.476178355786687,0.152435705689298,0.890116986792098
0,70,2.89410492845176,"BGR",70,0.18741370994615,0.377319718695398,0.119637026589239,0.825029349174736
1,75,3.32033657564637,"BGR",75,0.242751489500597,0.638417684009102,0.23358066152446,0.914730324153072
0,75,2.15266358968138,"BGR",75,0.266892673958155,0.626452284741618,0.212485695685773,0.85442488494813
1,80,2.40419273353798,"BGR",80,0.410877302113493,0.701256868612684,0.356785074516681,0.982823725933384
0,80,1.34999372939554,"BGR",80,0.194255327228363,0.606662491730521,0.226838163056074,0.876636930328817
1,85,1.30531099572144,"BGR",85,0.425934657799404,0.651241008032,0.397380645651828,0.889659920891482
0,85,0.643239312999492,"BGR",85,0.44063970056136,0.69999871817961,0.371858240514639,0.956253456909364
0,90,0.226861166693538,"BGR",90,0.614406111874443,0.614406111874443,0.614406111874443,0.891492808053681
1,90,0.525582961832729,"BGR",90,0.666666666666667,1,0.666666666666667,1
1,50,4.98193143987765,"CHE",50,0,0.100734247323139,0.0631715339851812,0.316262213624497
0,50,4.96789685470242,"CHE",50,0.198578977995194,0.30799999389308,0.506578971888274,1
1,55,4.9284427358001,"CHE",55,0.0489559775359358,0.192220466564767,0.100581011336345,0.491674910143587
0,55,4.8778035973741,"CHE",55,0.0311001464894287,0.176073755662513,0.0766713695155034,0.553974242934064
1,60,4.84597812661126,"CHE",60,0.0468723488873097,0.177949361330158,0.0996650201769426,0.59267191697055
0,60,4.73656635559815,"CHE",60,0.0559429375777735,0.155468569386558,0.0541012229263077,0.629024284186
1,65,4.71346798239499,"CHE",65,0.0351981365108699,0.181070545154994,0.060185597449144,0.644356511945365
0,65,4.50644588453457,"CHE",65,0.0465798120969519,0.21036775172755,0.0718324352329057,0.667805804183793
1,70,4.50717949027145,"CHE",70,0.0400431386785507,0.216463193503563,0.100592839552967,0.806139913082853
0,70,4.17427544065312,"CHE",70,0.0367061751554268,0.211322857874552,0.0585477808247996,0.755633000019719
1,75,4.17166054995791,"CHE",75,0.083687888412065,0.251270638754511,0.115989722906673,0.80435349965384
0,75,3.67835812026138,"CHE",75,0.040046055161662,0.237476091411428,0.0750413172751785,0.755061831728985
1,80,3.59123107431384,"CHE",80,0.113529738689044,0.292472182876355,0.12221817286356,0.775430654993843
0,80,2.94964712824697,"CHE",80,0.0722764425906622,0.308541255751213,0.168912029702854,0.837774552686742
1,85,2.62379115026767,"CHE",85,0.333398644988972,0.545499451281726,0.266524892611008,0.893551154920927
0,85,1.89355695725151,"CHE",85,0.0980514276754612,0.340668111208458,0.237803256160015,0.819847109817555
0,90,1.0245949998637,"CHE",90,0.0733740451856217,0.247092150893373,0.0516474458315244,0.926625954814378
1,90,1.82719659384659,"CHE",90,0.380376715281395,0.413681317978317,0.224196747379899,0.812464485269386
1,50,4.97231365436894,"CZE",50,0.113065689247726,0.280707633144705,0.0486115815679473,0.82862891376167
0,50,4.93987512307083,"CZE",50,0.021728882949151,0.221584245985525,0.182666622217175,0.971747738605733
1,55,4.89287918014661,"CZE",55,0.0323090337049233,0.231026141604873,0.141013633781794,0.692352623244996
0,55,4.77541763254976,"CZE",55,0.0816916483069106,0.126784850954334,0.0686100072679989,0.693396629888643
1,60,4.7613367915876,"CZE",60,0.0855460668929699,0.207438424460758,0.113090502798975,0.780552532969823
0,60,4.49262060445903,"CZE",60,0.100589511618029,0.283363447881874,0.126817078664182,0.761335365744539
1,65,4.5538164870018,"CZE",65,0.0925482520482263,0.240579346041705,0.143058655104215,0.850972939101434
0,65,4.07534914385043,"CZE",65,0.0862404559875578,0.23866823016802,0.156072601174923,0.875993164550934
1,70,4.22430181310491,"CZE",70,0.133991970087129,0.294370437546725,0.165050602930615,0.911640920526119
0,70,3.49607273125631,"CZE",70,0.123208903679747,0.315740626115666,0.186205784012319,0.906315168879207
1,75,3.71761063853976,"CZE",75,0.14236201353712,0.414526387531722,0.205513878545818,0.951622330943477
0,75,2.78009341339448,"CZE",75,0.217274856440768,0.321762743843313,0.183059643823882,0.955571078581041
1,80,2.9464446376337,"CZE",80,0.243559682216877,0.512511369135235,0.279197944287155,0.949733034697393
0,80,1.93363535196128,"CZE",80,0.271744427565042,0.563156723917391,0.321427331387105,0.925784590232674
1,85,1.84795594532999,"CZE",85,0.380363581846761,0.408587131043472,0.381616375321033,0.872994866894252
0,85,1.04026814159395,"CZE",85,0.285824902228495,0.56956570580447,0.290828369195826,0.954793765119123
0,90,0.416353409204377,"CZE",90,0.637512310856945,0.50354568820865,0.502593454243588,0.775786260089213
1,90,0.982485069813996,"CZE",90,0.658448692990546,0.599364786186169,0.549283605745803,0.951242232535849
1,50,4.97359625499845,"DEUTNP",50,0.0553311269977673,0.295837273909916,0.140848168471702,0.726555796813982
0,50,4.95243353298096,"DEUTNP",50,0.038906568234384,0.340506595004722,0.163668772250761,0.804201884752911
1,55,4.89675175027933,"DEUTNP",55,0.0630295744937859,0.355079751951407,0.160569254898738,0.756087744815851
0,55,4.812187042378,"DEUTNP",55,0.070384379942523,0.406272318004967,0.209208331222359,0.761534819259395
1,60,4.7752930693957,"DEUTNP",60,0.0788505617357035,0.385743142944861,0.157655697574482,0.798292604363071
0,60,4.58706527427003,"DEUTNP",60,0.0656328747094763,0.357398363945625,0.153890737736375,0.814372509434459
1,65,4.59458470800494,"DEUTNP",65,0.0719182801731112,0.413521134467331,0.187829626715362,0.808442469360802
0,65,4.25909107889259,"DEUTNP",65,0.102934950618557,0.397165211724978,0.152561886107905,0.864683865303358
1,70,4.31970761507515,"DEUTNP",70,0.12833922359564,0.466427558814083,0.215993253760031,0.879959839821204
0,70,3.8103651840787,"DEUTNP",70,0.149718112642628,0.521580948051648,0.236085323058299,0.884440642503113
1,75,3.92209574762512,"DEUTNP",75,0.175314063443232,0.543151281697778,0.269922636566583,0.883257483461977
0,75,3.22015764894011,"DEUTNP",75,0.149848106778078,0.451799375994104,0.200205529132794,0.884845382856588
1,80,3.26413473069683,"DEUTNP",80,0.278701216636713,0.686328925121751,0.380339824025751,0.973369962188858
0,80,2.41769864900207,"DEUTNP",80,0.223270174481487,0.582813396333981,0.29815140055364,0.921902739688404
1,85,2.23170088507074,"DEUTNP",85,0.412897852137461,0.700815092266839,0.442947319198162,0.944251570288341
0,85,1.42377364590792,"DEUTNP",85,0.394929197811635,0.519420051033286,0.414983894684518,0.986712882786701
0,90,0.679208811794235,"DEUTNP",90,0.251714311824353,0.45274457974669,0.123065119757935,0.72333363195475
1,90,1.37743345736642,"DEUTNP",90,0.600461085794569,0.859666554103831,0.638964426618422,1
1,50,4.96975338259788,"DNK",50,0.0498691806953109,0.276684248770758,0.102918850891916,0.537058882373853
0,50,4.95834071450382,"DNK",50,0.0231878642056095,0.146510814526078,0.0556404798048686,0.534839829754515
1,55,4.88572190604371,"DNK",55,0.0649361905223531,0.253992172065716,0.0890058606834613,0.638340944946488
0,55,4.82681480466327,"DNK",55,0.0504413974998469,0.28595861841278,0.0901216219885455,0.645240747766653
1,60,4.75405879178258,"DNK",60,0.0518828138177626,0.214600027871607,0.0912123579479571,0.722810457631856
0,60,4.61878179994549,"DNK",60,0.0548111275986211,0.223444710993006,0.0727036383397797,0.713065767590396
1,65,4.55736827657544,"DNK",65,0.0484958474072044,0.229621083557559,0.0824850311366839,0.787663820697359
0,65,4.31937352603185,"DNK",65,0.118974507362764,0.229599500166325,0.0834081748420568,0.772287519473968
1,70,4.27021585383639,"DNK",70,0.0631133536229038,0.291628323860294,0.0975692520514744,0.800070939219418
0,70,3.90049402925999,"DNK",70,0.0831111098796707,0.234618501574393,0.0864951609560607,0.79367781212511
1,75,3.83090754237765,"DNK",75,0.123561027465163,0.369912274672493,0.158815263035066,0.879179797485815
0,75,3.30152728384553,"DNK",75,0.115051952963568,0.32981212686371,0.138228272258419,0.834205089284341
1,80,3.13036891265396,"DNK",80,0.132776499320383,0.390141218567169,0.207756282520218,0.863074432760027
0,80,2.48604599408782,"DNK",80,0.199296604988669,0.3221022022284,0.205197200363953,0.947255986059762
1,85,2.14780824645209,"DNK",85,0.231104930902964,0.437616895582282,0.24063039583967,0.88475925610127
0,85,1.47676161933565,"DNK",85,0.197597661987562,0.49471003032013,0.208893476698526,0.824278092083142
0,90,0.725202705047109,"DNK",90,0.500774330594755,0.572534757992507,0.190844919330836,0.642746524200749
1,90,1.46743616437435,"DNK",90,0.423865644595116,0.585805704504578,0.403868539639877,0.878708556756867
1,50,4.97714814717592,"ESP",50,0.00115439471113241,0.174127769539099,0.0666748234420112,0.625465430100209
0,50,4.95653146793448,"ESP",50,0.552838959966637,0.0169297037464232,0,0.941079272616994
1,55,4.91770608594306,"ESP",55,0.0509436757908928,0.297598618401937,0.0393019295361842,0.633999484051543
0,55,4.83627717306709,"ESP",55,0.0391714439868677,0.328058950368257,0.0683037928181735,0.714320463832793
1,60,4.83283540584991,"ESP",60,0.0601677553036783,0.421578183878432,0.0349374537953801,0.756664670292702
0,60,4.65194352181206,"ESP",60,0.0216501992081228,0.310101308475355,0.0137624740902767,0.725670035169048
1,65,4.71149053695371,"ESP",65,0.0636762702981637,0.354832084272512,0.059463633838047,0.840087756095463
0,65,4.3791825769963,"ESP",65,0.0664486265428303,0.420729233399888,0.0771824675102081,0.882827057158179
1,70,4.53115277421848,"ESP",70,0.122129168728405,0.505980089906831,0.0732448711942425,0.893308832605892
0,70,3.99148197753836,"ESP",70,0.0852193109545155,0.377258606706531,0.0516799966778161,0.819614047862767
1,75,4.22498364572201,"ESP",75,0.181232387299467,0.58185506355817,0.135089481863048,0.958278349972381
0,75,3.44925753879724,"ESP",75,0.143241863283463,0.558805399759861,0.0800968969544794,0.901096421777158
1,80,3.67840334358561,"ESP",80,0.360710326970292,0.774832838686264,0.23812440393323,0.972208590812761
0,80,2.6894342336872,"ESP",80,0.194740182948534,0.525856257135943,0.112311486363435,0.931135139986421
1,85,2.72766860309209,"ESP",85,0.4981159206488,0.801316451755645,0.306970906937791,0.980397067762257
0,85,1.71057503406386,"ESP",85,0.323601516031749,0.679622861485702,0.165618119575519,0.960809488861359
0,90,0.972107798854491,"ESP",90,0.555084202098192,0.710920646793435,0.220484466640524,0.958512176803893
1,90,2.05577893329852,"ESP",90,0.737795501340862,0.764913768447217,0.334807566758806,0.917739892438615
1,50,4.96718430942835,"EST",50,0.0433506902562292,0.436894337850678,0.131325429924684,0.598112998600562
0,50,4.91704710384551,"EST",50,0.0637014912155433,0.498132139083864,0.192040787515572,0.571941524291611
1,55,4.88188493547925,"EST",55,0.100425446493599,0.563256528985206,0.219604123202324,0.690547990492985
0,55,4.68094254183542,"EST",55,0.0641079202131446,0.604448361773167,0.171203458470122,0.691644768838001
1,60,4.74957916500115,"EST",60,0.0867713205393928,0.641890436719829,0.221866970137787,0.740529155761701
0,60,4.31578102524292,"EST",60,0.0637036071611604,0.686401090998448,0.270264447905677,0.795855780471998
1,65,4.5460290788844,"EST",65,0.118058924444033,0.736655016268889,0.215644536362745,0.826891011734229
0,65,3.80963764970744,"EST",65,0.114942228439322,0.668155054351272,0.227277947990113,0.808253950816776
1,70,4.25004719091757,"EST",70,0.125612389691284,0.763813085144219,0.252320548144341,0.89267588900895
0,70,3.16627045309285,"EST",70,0.134438267432098,0.764594100022116,0.293772028406029,0.829172906477133
1,75,3.80825567358622,"EST",75,0.200954356230347,0.858979596250609,0.35464759650924,0.922730762356369
0,75,2.4352925345459,"EST",75,0.165847775536232,0.855462583609358,0.359767707583524,0.888648266914407
1,80,3.09426737556395,"EST",80,0.308889599885143,0.906671933993517,0.500829013610244,0.940432542813192
0,80,1.64239903191541,"EST",80,0.268702438983135,0.879576755396912,0.417328509805619,0.906430126247659
1,85,2.03154449863259,"EST",85,0.363304327716445,0.907413612666752,0.51361718262119,0.955392213198258
0,85,0.86361126484204,"EST",85,0.386761392604949,0.905050255212981,0.59998210631973,0.870267023620836
0,90,0.428423360863905,"EST",90,0.452888068739709,0.741112201378257,0.548990376093949,0.837895849959829
1,90,1.22615002789684,"EST",90,0.429757050660886,0.876005600986391,0.578443643149991,0.917378066984696
1,50,4.97478185291209,"FIN",50,0.047291909259085,0.126652549010916,0.0416856206418419,0.59438796273055
0,50,4.95069220482749,"FIN",50,0.0423866471525044,0.163503997449836,0.0339953309628531,0.728209756035588
1,55,4.91528244717575,"FIN",55,0.0740211473046043,0.213082775627275,0.101218283718566,0.770470112688165
0,55,4.82300895776434,"FIN",55,0.0974724046740047,0.376439846239733,0.0974127464264748,0.845392976635139
1,60,4.81711804630765,"FIN",60,0.0726469605683233,0.275211094757207,0.0635770681277019,0.803529648271881
0,60,4.6216027188189,"FIN",60,0.0442439971641304,0.379210640079681,0.047053094498955,0.902883806233539
1,65,4.66283488448155,"FIN",65,0.0348270714248061,0.385183922427906,0.0897510259300476,0.902742587172373
0,65,4.31815120988354,"FIN",65,0.0695526900943678,0.406047080919044,0.10474767195065,0.860358710012772
1,70,4.42847268213503,"FIN",70,0.0723879236874356,0.440112603899944,0.110433345240997,0.935624808855426
0,70,3.89763415640504,"FIN",70,0.0462693017458792,0.424957951102175,0.103252062024133,0.836972986476282
1,75,4.04867064697299,"FIN",75,0.173552805368784,0.651981725073866,0.213875842801425,0.968291362823615
0,75,3.31775887652615,"FIN",75,0.140116612061661,0.545615641597913,0.20341771059307,0.962034812763866
1,80,3.42696453286174,"FIN",80,0.0704506281120838,0.783679097050633,0.0737457123357999,0.998954410583786
0,80,2.50501730822915,"FIN",80,0.0615398927487794,0.63549974730018,0.151581929745838,0.929869585167484
1,85,2.42020862889314,"FIN",85,0.236002495560256,0.635564573111009,0.265940780266238,0.9512313679537
0,85,1.50032297468653,"FIN",85,0.24115721817961,0.869005542998729,0.582056769669775,0.949767353962209
0,90,0.729271429163598,"FIN",90,0.370926483870545,0.669193682121819,0.433280020752703,0.714949043024253
1,90,1.60982026148585,"FIN",90,0.464574701125879,0.532099901597955,0.456668134195728,1
1,50,4.97240361933825,"FRATNP",50,0.0875283335579534,0.366804271664791,0.120334857548793,0.692788526821191
0,50,4.94719726879729,"FRATNP",50,0.0659883034196198,0.343023706233189,0.113182388423411,0.644184367858332
1,55,4.89874188064748,"FRATNP",55,0.0518044833572302,0.232788028683901,0.0822658631097886,0.683338992641455
0,55,4.80247979075765,"FRATNP",55,0.0438544371623379,0.307172783383464,0.0843684020875608,0.670162499300755
1,60,4.79278867398601,"FRATNP",60,0.0386449085017223,0.275731467959042,0.0931235450204751,0.746769294018191
0,60,4.57962280313655,"FRATNP",60,0.0685177849853166,0.280265531795049,0.108348982339022,0.742841665401557
1,65,4.64991906089583,"FRATNP",65,0.0893662016122234,0.32755120641244,0.100214574550186,0.828881898150193
0,65,4.2839571042823,"FRATNP",65,0.067368745829044,0.331811995320137,0.129224782744278,0.797634917538068
1,70,4.45043355206485,"FRATNP",70,0.0750569369194583,0.410739809323864,0.136236516223392,0.869098712929047
0,70,3.90916868780139,"FRATNP",70,0.0991536994816988,0.359913518532628,0.143570237920671,0.828974236799615
1,75,4.14773499579147,"FRATNP",75,0.182447275648487,0.441459119431292,0.201708692514413,0.915049239765853
0,75,3.41236582624914,"FRATNP",75,0.210175776409439,0.390618782898806,0.222399205512012,0.846490820150148
1,80,3.64025287226374,"FRATNP",80,0.210578219553772,0.535785579050307,0.242908516113364,0.908127796924637
0,80,2.71339952339018,"FRATNP",80,0.224594086745314,0.547623116183167,0.291878827792052,0.887253447230559
1,85,2.76479019759165,"FRATNP",85,0.353043952078788,0.632336717779045,0.34077875063432,0.939449933192232
0,85,1.7671018840906,"FRATNP",85,0.35592127410897,0.541503285248092,0.314996957781083,0.940437467039879
0,90,1.01543477060715,"FRATNP",90,0.405287417361023,0.773336838165868,0.600810313388988,0.971363423985251
1,90,2.23633279834609,"FRATNP",90,0.530831165991263,0.591299367976395,0.54921676001639,0.944858706990575
1,50,4.97392392720057,"GRC",50,0.00773171626885199,0.0609672082450418,0.0281698596858717,0.374789288404452
0,50,4.94505955751538,"GRC",50,0.0245707180749365,0.0144632391735035,0.0144632391735035,0.321008373686003
1,55,4.90614849768512,"GRC",55,0.0235583684096419,0.111736522117194,0.0109833725768658,0.589246886427401
0,55,4.79476335429093,"GRC",55,0.0449495397640045,0.116429588532033,0.0555590437286985,0.477577568236356
1,60,4.80848851692388,"GRC",60,0.0296555727163475,0.183740132707871,0.0305366383798663,0.702399510945332
0,60,4.5689389874759,"GRC",60,0.0116309311853455,0.130105643220541,0.0116309311853455,0.64650938360298
1,65,4.66215284955062,"GRC",65,0.0328876797069895,0.25299112465677,0.0344414271604349,0.828616234660251
0,65,4.25774394586858,"GRC",65,0.0182207530811642,0.196695736440244,0.0254587836301808,0.782275686890183
1,70,4.43672895024814,"GRC",70,0.0568928232302516,0.377524738434007,0.0311774634137131,0.893393430604193
0,70,3.83009199552946,"GRC",70,0.0284667069815085,0.323007490803745,0.0558488100254669,0.862276265581331
1,75,4.07104685627661,"GRC",75,0.111210964599474,0.549979515571515,0.125102207516818,0.936901045205015
0,75,3.27269591928243,"GRC",75,0.0734776662322155,0.495291024106369,0.0758219516762499,0.95499491910305
1,80,3.39269129561091,"GRC",80,0.181476435236058,0.703192394400953,0.178218677802694,0.976282833869424
0,80,2.49351634057261,"GRC",80,0.125767723242327,0.582109345072614,0.0859169366693486,0.943414064419504
1,85,2.26879758681014,"GRC",85,0.342189080179032,0.849554049632678,0.309005739639421,1
0,85,1.5575722187444,"GRC",85,0.206447863276538,0.651012481075615,0.160195575517394,0.960995726024354
0,90,0.967362857995978,"GRC",90,0.226711269669431,0.805702489666793,0.269869865119771,1
1,90,1.42050398898288,"GRC",90,0.390799852955691,0.868124301250067,0.347247631280971,0.904778008090661
1,50,4.95138836523915,"HUN",50,0,0.447114935935006,0.216018443220582,0.496434649192445
0,50,4.89273336908911,"HUN",50,0,0,0,0
1,55,4.80851088690597,"HUN",55,0.0958146320167085,0.489007623657842,0.164026497568382,0.695121768955935
0,55,4.58872265519701,"HUN",55,0.015609640769837,0.271203313915119,0.141145342197515,0.676499727815241
1,60,4.59779678544009,"HUN",60,0.0305780770640956,0.430796398153391,0.0499549435568572,0.835986209678612
0,60,4.13778110544082,"HUN",60,0.0639400365205536,0.529500290943859,0.123079662883574,0.76604101372174
1,65,4.30574518644037,"HUN",65,0.0455236278559609,0.658140994093797,0.0841274835392804,0.885547726145383
0,65,3.5572982706333,"HUN",65,0.054720387285831,0.647698298210497,0.165107972441883,0.863973420694504
1,70,3.90871191393371,"HUN",70,0.152482074342881,0.720867137074184,0.312594223038405,0.906345569803145
0,70,2.90986093015292,"HUN",70,0.089328194108535,0.608343255495792,0.142499440422483,0.777028865369006
1,75,3.34600811327828,"HUN",75,0.164819627078962,0.767957043512751,0.289672769837397,0.955775384168979
0,75,2.19072530848097,"HUN",75,0.0572405179018848,0.707707645997961,0.181421810032893,0.864833659797927
1,80,2.49457772158393,"HUN",80,0.206280057813717,0.779839105301454,0.31570269962948,0.953674805984101
0,80,1.41115542292503,"HUN",80,0.341693625377556,0.645017069353454,0.387227384029463,0.973884411380009
1,85,1.47858186428362,"HUN",85,0.336641090287631,0.808870588244782,0.472135206702927,0.944061607299455
0,85,0.712785316930113,"HUN",85,0.396366677109353,0.845562174059906,0.363660853532395,0.955490040198088
0,90,0.296617893173014,"HUN",90,0.748479848456832,1,0.748479848456832,1
1,90,0.750203753351772,"HUN",90,0.222090664304281,0.519686272212424,0.416419971366232,0.80733953941411
1,50,0.995884773662552,"ISR",50,0.033058444627312,0.284749696029588,0.0171938616680122,0.43113273828849
0,50,0.995884773662552,"ISR",50,0,0.124662872202537,0,0.381840250581091
1,55,0.00409829124964013,"ISR",55,0.0112126268788744,0.134358511531379,0.110042665600158,0.493281486750628
0,55,0.00409829124964013,"ISR",55,0.0368965840505212,0.209710103503751,0.0854189927887283,0.504040934457136
1,60,1.68653960890541e-05,"ISR",60,0.0174925538743286,0.195792367490353,0.0427018189230677,0.572456770637553
0,60,1.68653960890541e-05,"ISR",60,0.0303597642832124,0.259515883039651,0.0656736844774055,0.60280169903692
1,65,6.94049221771772e-08,"ISR",65,0.0467498830194136,0.323635539536255,0.0735183242414843,0.668955876153984
0,65,6.94049221771772e-08,"ISR",65,0.0453467269550468,0.344847209671018,0.0714338401307719,0.735569078668065
1,70,2.85616963692087e-10,"ISR",70,0.109486975364403,0.360662558177733,0.138669032482371,0.809879100486458
0,70,2.85616963692087e-10,"ISR",70,0.100704975152519,0.43801950473589,0.118091093832945,0.819553053916523
1,75,1.17537845140777e-12,"ISR",75,0.239560097569387,0.662733484451238,0.254298662379411,0.839031037410883
0,75,1.17537845140777e-12,"ISR",75,0.102265797517398,0.449013438478514,0.117367600974995,0.85493447883459
1,80,4.83694835970275e-15,"ISR",80,0.242994679725342,0.625522641029934,0.250024215468113,0.837468070505924
0,80,4.83694835970275e-15,"ISR",80,0.197919230606226,0.673576507268547,0.229073884233141,0.886640448177054
1,85,1.99051372827274e-17,"ISR",85,0.386371978469858,0.701584439864944,0.400789501431315,0.979813060185847
0,85,1.99051372827274e-17,"ISR",85,0.382843015727412,0.691427358844858,0.384481297814573,0.960626545569939
0,90,8.22526333761101e-20,"ISR",90,0.680079341783361,0.666882447302975,0.519321491249968,1
1,90,8.22526333761101e-20,"ISR",90,0.700023620335014,0.822047481104851,0.550640554586995,0.953995341620038
1,50,4.97916885657214,"ITA",50,0.0593575272045969,0.317709191076406,0.0756854822365777,0.476573767734128
0,50,4.96515899056787,"ITA",50,0.0260941909669332,0.217831235088182,0.0678690629323502,0.500037179006223
1,55,4.92225928049886,"ITA",55,0.0216810064573613,0.258600048100451,0.074905732108853,0.536140681673889
0,55,4.86797929722341,"ITA",55,0.0325130500521866,0.232051031011154,0.0440825149712923,0.474483417487258
1,60,4.83325450325104,"ITA",60,0.0412103515625423,0.307098740110832,0.0942808630330597,0.608221511507727
0,60,4.7117404395395,"ITA",60,0.0355574001564035,0.277709005150669,0.112710794116027,0.63288248154106
1,65,4.69787018980475,"ITA",65,0.057970837125804,0.448325859368346,0.0945172300508993,0.772397581846424
0,65,4.47106110221559,"ITA",65,0.0423380966760855,0.365276953006211,0.10412708863781,0.689128581945735
1,70,4.48396641438209,"ITA",70,0.131958503959768,0.536116113275838,0.143825831012455,0.824465284049834
0,70,4.10483902339455,"ITA",70,0.0638702948293491,0.480591298445262,0.122119109827671,0.826610396841852
1,75,4.13588618966954,"ITA",75,0.164431836689015,0.59777149707333,0.194605828958587,0.876468635455221
0,75,3.55739234084891,"ITA",75,0.0892295298821538,0.531972883603031,0.188731167623984,0.849065592047755
1,80,3.53510128379055,"ITA",80,0.264958225170837,0.770459584733129,0.295823864895727,0.949825219692844
0,80,2.76496955857201,"ITA",80,0.160844466499414,0.545290022927709,0.257433039037325,0.880203021718278
1,85,2.54299513925119,"ITA",85,0.436296071707484,0.771896620386712,0.480585414222365,0.937018584831359
0,85,1.71009065864665,"ITA",85,0.340475594955038,0.708187545837975,0.305992068641039,0.928733910483154
0,90,0.88361157669424,"ITA",90,0.622818654657259,0.6312940468253,0.50357348470876,0.944813499189081
1,90,1.78396742187775,"ITA",90,0.734939499059726,0.886415113434977,0.611785326614399,0.990849677799694
1,50,4.95498905578457,"LTU",50,0.0618682998343894,0.405605191914533,0.0526819652499197,0.725691338267719
0,50,4.87267777917091,"LTU",50,0.029151731012993,0.357919540567207,0.0793318466744222,0.739852984773576
1,55,4.84407912018517,"LTU",55,0.0861438621946554,0.537697448633844,0.0801402766316923,0.7978696543973
0,55,4.54932710448507,"LTU",55,0.0957225737815536,0.547396527004506,0.162279379284254,0.701567040267817
1,60,4.68322096301177,"LTU",60,0.104527167234154,0.57725625414544,0.105684714581991,0.899344518091034
0,60,4.09986429600375,"LTU",60,0.0484869654876266,0.495410066208125,0.173226047718856,0.782660109778646
1,65,4.44510893942583,"LTU",65,0.108894824983,0.670814431135835,0.162978709665082,0.905221044477796
0,65,3.51652850718981,"LTU",65,0.104529116191571,0.585087689575972,0.135561451077887,0.810553050555434
1,70,4.0937533532203,"LTU",70,0.127783627298892,0.725426133567399,0.194520395149119,0.896698597725825
0,70,2.84372159758768,"LTU",70,0.1182203774018,0.629381644136274,0.136424834646788,0.868783601812776
1,75,3.59240342313557,"LTU",75,0.277990140569164,0.807246496193896,0.245595981312978,0.945232000067334
0,75,2.12469734571515,"LTU",75,0.171065554677217,0.69394082281971,0.156791199186522,0.941752631952034
1,80,2.8295581070641,"LTU",80,0.376130307778613,0.866344337084322,0.302441318780931,0.980569674344659
0,80,1.39708810797612,"LTU",80,0.387095773163368,0.772583496595814,0.368119230646554,0.89992039393174
1,85,1.772400498396,"LTU",85,0.430753491230397,0.80098172573051,0.433122035985263,0.929915457856708
0,85,0.731626729445164,"LTU",85,0.579215202673668,0.715079432034134,0.424897799093855,0.81733703308564
0,90,0.311261489542241,"LTU",90,0.301035205672016,0.849482397163992,0.457645695292161,0.849482397163992
1,90,0.941009156433548,"LTU",90,0.453838738851987,0.621372375973383,0.234630953131445,0.91503148929981
1,50,4.9807498393321,"LUX",50,0,0.389949895064033,0.126108948332566,0.679234439740422
0,50,4.9600942996483,"LUX",50,0.019547740011779,0.215801415133673,0.208613331988527,0.776486496830176
1,55,4.93610079882458,"LUX",55,0.0617438721280401,0.344105402678572,0.143795198493591,0.741610949232519
0,55,4.85617834279588,"LUX",55,0.0644767277370872,0.27458574738709,0.114673317426674,0.717092321835554
1,60,4.8432492157489,"LUX",60,0.0666357517249853,0.357048463684634,0.179567547560186,0.832272060905186
0,60,4.68590307752433,"LUX",60,0.062152140738892,0.349936471621291,0.165654340937435,0.779912251171773
1,65,4.69249578270897,"LUX",65,0.108896452878364,0.422264109848465,0.224497079778383,0.843435902034502
0,65,4.37633971661333,"LUX",65,0.057478725753021,0.38350137965023,0.0942069648596583,0.833169906273106
1,70,4.4181483807459,"LUX",70,0.0767667358194052,0.411607495953012,0.178463550933502,0.867226166352714
0,70,3.9328586946206,"LUX",70,0.094101248259546,0.379818722709644,0.188410973690617,0.904540494134722
1,75,3.98794921921068,"LUX",75,0.13919987445479,0.652085411710033,0.346677479807357,0.958087152130927
0,75,3.35355996582411,"LUX",75,0.168837331786782,0.507040649572844,0.26786773422599,0.859712612550455
1,80,3.41399969402576,"LUX",80,0.179512098867993,0.410578342573746,0.2487142549722,0.981846657699632
0,80,2.59202212147858,"LUX",80,0.264097111433501,0.584725431501526,0.464204076219642,0.800524173879427
1,85,2.42739179795087,"LUX",85,0.143240447735908,0.5,0.190763669135264,0.904282773663448
0,85,1.62520644560275,"LUX",85,0.226844104824717,0.451901968446533,0.290989341537413,0.903953937667991
0,90,0.828460260308757,"LUX",90,0.602937979673709,0.602937979673709,0.602937979673709,1
1,90,1.63607506623754,"LUX",90,0.428571428571429,0.428571428571429,0.428571428571429,0.571428571428571
1,50,4.95343257660729,"LVA",50,0.0472450002149549,0.383459102947318,0.107845771263565,0.671220624781568
0,50,4.86743890394042,"LVA",50,0.0213120870033981,0.388729200932185,0.0541521742053645,0.606874233980271
1,55,4.83077188059367,"LVA",55,0.0698365428811741,0.561481820306791,0.0856106230289433,0.682176657035053
0,55,4.53247191254571,"LVA",55,0.0712067122858397,0.489240221874376,0.169024485087043,0.618577704986884
1,60,4.65509458202883,"LVA",60,0.0513357742250274,0.652964339909309,0.112151694181722,0.814554095478409
0,60,4.07426689260275,"LVA",60,0.0351120522605705,0.55820159273432,0.0859580310153176,0.745495488125935
1,65,4.39374877586314,"LVA",65,0.127917375360316,0.73207880388819,0.0670215130603514,0.876932634286754
0,65,3.47810191323344,"LVA",65,0.0562874704701633,0.589289308063372,0.0956383780914856,0.772788379200157
1,70,4.01565741690131,"LVA",70,0.093381842769371,0.794322460396089,0.133881810193369,0.904416729546772
0,70,2.78683707177677,"LVA",70,0.101562446151965,0.709531887450939,0.1277915393604,0.786761878001426
1,75,3.47408294933886,"LVA",75,0.178260424457925,0.838689014453102,0.193638270546265,0.921723862434585
0,75,2.04330806134789,"LVA",75,0.147113275056189,0.871558592637014,0.238855248351608,0.880005755084016
1,80,2.69232405532051,"LVA",80,0.245196021516251,0.88793416533686,0.16400854537521,0.944849707128237
0,80,1.3151026227638,"LVA",80,0.215931186511017,0.876917543755233,0.150191981211101,0.933963186084458
1,85,1.65982674490448,"LVA",85,0.362928031227722,0.863754902717325,0.3312290778557,0.925451692887348
0,85,0.660212988064398,"LVA",85,0.348747954711524,0.580378927979092,0.353563380337865,0.940847964946309
0,90,0.274248591562862,"LVA",90,0,0.75,0,0.75
1,90,0.870855500537801,"LVA",90,0.648368723172323,0.954205514572458,0.652334011506013,0.95307752738373
1,50,4.96474017230274,"POL",50,0.0354667244865208,0.291029056321858,0.0895413594949503,0.665206074645028
0,50,4.90642422918265,"POL",50,0.0401111663076181,0.250487997139004,0.154451689115858,0.668710010926318
1,55,4.86562770895631,"POL",55,0.0644840062815773,0.393117802432268,0.119024015658527,0.786189343159493
0,55,4.65749743271856,"POL",55,0.0839148747234985,0.384257548272479,0.154696346566971,0.716036826444467
1,60,4.70878897491827,"POL",60,0.095789330620346,0.436339033834132,0.144627770954527,0.841769600873245
0,60,4.29499472897838,"POL",60,0.139348836361074,0.512733270484149,0.231435742353426,0.774170527984587
1,65,4.47319266040149,"POL",65,0.0985431598901427,0.544265085482841,0.205703850094018,0.871008219753021
0,65,3.81014452531531,"POL",65,0.120131068235134,0.522878010126198,0.184844697062963,0.83610635711665
1,70,4.13317102795326,"POL",70,0.130412366778992,0.628616372642625,0.247592646898715,0.937885301995568
0,70,3.21886186588499,"POL",70,0.143559450377655,0.623555215406587,0.27679290183148,0.91812715763909
1,75,3.65735680641244,"POL",75,0.269404983020661,0.749798871247032,0.348700353593083,0.959378902402991
0,75,2.53013360094153,"POL",75,0.240117464003732,0.644486267887076,0.273042250131327,0.900151684261394
1,80,2.94265952421204,"POL",80,0.327015165531163,0.75983242435744,0.532015176700494,0.946570096615966
0,80,1.74948738523763,"POL",80,0.262456788621004,0.693292987979841,0.389401650365753,0.893747748793433
1,85,1.92986681629505,"POL",85,0.478063310871738,0.787898775268142,0.57894135766643,0.979431263990241
0,85,0.969396736566357,"POL",85,0.321723574303092,0.787743299995602,0.41445591553212,0.953086767641778
0,90,0.460009228654494,"POL",90,0.400282508662413,0.728627580791367,0.360317746872001,0.782278940327613
1,90,1.14319375620144,"POL",90,0.627602233825179,0.691281853093447,0.591737449075561,0.985300542144128
1,50,4.96284606933818,"SVK",50,0.0252108253234784,0.11763371560596,0.0461925422496835,0.361346761684721
0,50,4.9086205096546,"SVK",50,0.01879563518321,0.0939556108369167,0.0263116327485807,0.240579617329262
1,55,4.86602378926275,"SVK",55,0.0193543688987213,0.142430126258356,0.0612404864682297,0.445493857529615
0,55,4.67441279672429,"SVK",55,0.0321292396005104,0.100393335220848,0.0441581328936007,0.373473805772478
1,60,4.71312923770402,"SVK",60,0.021035428298261,0.155978224732345,0.0601049511508265,0.564891974569666
0,60,4.31856341477098,"SVK",60,0.032514400834839,0.165175656091252,0.0605431249621354,0.507795123740271
1,65,4.48055931801277,"SVK",65,0.0585432946504388,0.278000173862246,0.0780528488837767,0.697521433655924
0,65,3.82775811842946,"SVK",65,0.0758102527496415,0.156376413328819,0.0947770295631985,0.573460726087167
1,70,4.12415506343434,"SVK",70,0.0575478790716586,0.464927989713845,0.158903158588862,0.900489245445204
0,70,3.21269663988455,"SVK",70,0.0935063257648597,0.471230768293881,0.131335412821004,0.843470370387452
1,75,3.59426868300826,"SVK",75,0.124973206991588,0.660618596398527,0.107123719279705,0.910672182415352
0,75,2.46680620414012,"SVK",75,0.14546346800777,0.381766629288441,0.181788439974101,0.799967283971511
1,80,2.73104719693121,"SVK",80,0.219129355816876,0.664371003386472,0.312772318598758,0.933789322038396
0,80,1.63600867713399,"SVK",80,0.0415816971173532,0.414114711345976,0.0502659476936528,0.849202156919042
1,85,1.61290015512334,"SVK",85,0.615313568263623,1,0.769141960329529,1
0,85,0.847397345548035,"SVK",85,0,1,0,0.33366673251781
0,90,0.357799246166922,"SVK",NA,0,0,0,0
1,90,0.790982901538622,"SVK",90,0.5,0.25,0.25,0.75
1,50,4.97379905265136,"SVN",50,0.0434958072711311,0.267209069073037,0.110374620832487,0.569788306950898
0,50,4.94693056698504,"SVN",50,0.048152369560652,0.119206276403031,0.0916559514502831,0.520617259540901
1,55,4.90192392225003,"SVN",55,0.0723962682602181,0.258950706223875,0.137817340295267,0.686177875009971
0,55,4.79395699704425,"SVN",55,0.0488524723967361,0.269896771352322,0.145061692769074,0.599510359886722
1,60,4.78847857465165,"SVN",60,0.036719027991867,0.32720367762416,0.11742929949756,0.693454363896714
0,60,4.5546745392278,"SVN",60,0.0391639802739775,0.348453965214435,0.141848841310727,0.706967260227007
1,65,4.61639388637185,"SVN",65,0.0683245353609048,0.317353030196567,0.186269087250186,0.768173530943851
0,65,4.21506117348264,"SVN",65,0.102462878514995,0.428506922650543,0.171585800822097,0.824782408609489
1,70,4.36905959763052,"SVN",70,0.0959995712177199,0.465365658293419,0.237880712016334,0.879828786234989
0,70,3.74181627666321,"SVN",70,0.0909151627157208,0.444278453224511,0.201965239622932,0.868642456328597
1,75,3.9689319608477,"SVN",75,0.104084426285608,0.524648806257117,0.274248416455284,0.949873586080364
0,75,3.13319380488976,"SVN",75,0.202969462628421,0.575244687007234,0.369971609185934,0.895905158647786
1,80,3.30202122451421,"SVN",80,0.252820801464482,0.666641756830384,0.350262225979635,0.943241125712122
0,80,2.29273039861442,"SVN",80,0.215784173357757,0.58521638142063,0.358904895302743,0.944170618608931
1,85,2.25827282346973,"SVN",85,0.244686822008581,0.6428869285565,0.466358448840177,0.903792944466406
0,85,1.29376615240481,"SVN",85,0.277848251986725,0.76287577497059,0.380486027204444,0.984034961594413
0,90,0.58051643109805,"SVN",90,0.591273099252539,0.855618540674755,0.591273099252539,0.956217643430189
1,90,1.38277802945966,"SVN",90,0.342767773778925,0.628875320222337,0.4095382868608,0.829696305516517
1,50,4.97893149092559,"SWE",50,0.10108192283894,0.175306166007973,0.124729996830998,0.456042448302514
0,50,4.96928608463704,"SWE",50,0,0.094734609995234,0.094734609995234,0.51647214438891
1,55,4.92172042311363,"SWE",55,0.0589500098339114,0.242513704259722,0.147999519096948,0.556580727834302
0,55,4.88273779250759,"SWE",55,0.0298315356570258,0.180774716958322,0.0613670127862846,0.548558626380074
1,60,4.82230216914236,"SWE",60,0.0412778480422508,0.227439571041479,0.156142266497839,0.673920023768895
0,60,4.74155967136779,"SWE",60,0.0618461953105606,0.178984854707345,0.0854280954894771,0.627080294807603
1,65,4.66322963371303,"SWE",65,0.0704182567999136,0.286796566119688,0.148060355916456,0.747773871790572
0,65,4.5078444716085,"SWE",65,0.0586330019125919,0.218583978321421,0.0716013488776282,0.728067977605468
1,70,4.41152867176929,"SWE",70,0.0729206336668966,0.299387264138809,0.144344503960761,0.82033132957148
0,70,4.15567137249802,"SWE",70,0.0666282480093587,0.304020656665678,0.126837095491286,0.765691301461126
1,75,4.01099701811537,"SWE",75,0.0996467400009387,0.332990999289608,0.192126773863006,0.850725614806214
0,75,3.61348641786854,"SWE",75,0.124143508038086,0.369461907329471,0.175957408167212,0.807500416361358
1,80,3.35833692859044,"SWE",80,0.122205032704241,0.447973190753992,0.190555910451846,0.912088818100442
0,80,2.79280466346473,"SWE",80,0.187337133356253,0.505999736396958,0.287946858356042,0.882632395342217
1,85,2.35973990356711,"SWE",85,0.210309583739203,0.55003147807818,0.263313021368615,0.890973804193189
0,85,1.72283160966358,"SWE",85,0.23306776739489,0.450276215518869,0.342995608604702,0.909641147901327
0,90,0.850326691918915,"SWE",90,0.455726528928398,0.472415234435549,0.289340474868676,0.865995302398487
1,90,1.55297838250031,"SWE",90,0.268292644400045,0.672329970022978,0.427943054495002,0.928439898369969
1,50,4.97491938356494,"PRT",50,0,0.159318817552528,0.00139674054579204,0.639335104884552
0,50,4.9377780185783,"PRT",NA,0,0,0,0
1,55,4.9103804392564,"PRT",55,0.0746240087365005,0.549704551516479,0.132495261161888,0.763153885128841
0,55,4.77318008731349,"PRT",55,0.00933298875027127,0.242516176728817,0.100679935508963,0.940688072342946
1,60,4.82138663549783,"PRT",60,0.292738590758702,0.647366261866455,0.10164008703169,0.858696374771197
0,60,4.53893493500882,"PRT",60,0.0213832240849298,0.647998301966749,0.0753745358928448,0.729123993754476
1,65,4.6875798693815,"PRT",65,0.102399173146692,0.599953370771656,0.182561732160448,0.959651751658503
0,65,4.24112333911842,"PRT",65,0.205881104711478,0.567161900299917,0.16917264535496,0.872010318094806
1,70,4.47021368570343,"PRT",70,0.277531439942287,0.702893073686478,0.233296638301888,0.962619475967706
0,70,3.84143916114544,"PRT",70,0.264717057317351,0.673424394748328,0.193197403695961,0.821449603565426
1,75,4.09954917428371,"PRT",75,0.379720733739253,0.926306802889676,0.263152426777306,0.974696317084852
0,75,3.26390776319167,"PRT",75,0.397447783930382,0.611610671886334,0.132465066095036,0.876483554916948
1,80,3.44393731921153,"PRT",80,0.379867231579671,0.70216643009673,0.279785753181882,0.728867717307621
0,80,2.45322730069938,"PRT",80,0.354578705402215,0.777992192525885,0.355079747249803,0.865282168746557
1,85,2.41100854906377,"PRT",85,0.55869734839377,0.711103292055827,0.514948982866456,0.834579245543045
0,85,1.4698807133333,"PRT",85,0.25906721904174,0.583676598932475,0.55706792114677,1
0,90,0.776475002298044,"PRT",90,0.0166599081769275,0.0619470516262355,0.0403297227344161,0.990987263010774
1,90,1.67247065980505,"PRT",90,0.403384939162211,0.765178685290408,0.46336918597772,0.940048873306241
